date,business,email,status
2026-08-11,Alder Toronto,inquire@aldertoronto.com,sent
2026-08-11,Canoe Restaurant,donations@oliverbonacini.com,sent
2026-08-11,Michelin Star Fine Dining Restaurant,info@donalfonsotoronto.com,sent
2026-08-11,Best Restaurants in Toronto,info@destinationtoronto.com,sent
2026-08-11,Baro: One of the Best Restaurants in Toronto,info@barotoronto.com,sent
2026-08-11,Alo Restaurant,info@alorestaurant.com,sent
2026-08-11,Rasa Restaurant Toronto,rasa@thefooddudes.com,sent
2026-08-11,The Best Restaurants in Vancouver,info@eatingvancouver.ca,sent
2026-08-11,Nightingale Restaurant,info@hawknightingale.com,failed
2026-08-11,Casual Dining at its Finest,info@chambar.com,failed
2026-08-12,Joni,jonirestaurant@hyatt.com,sent
2026-08-12,"Liliana — Restaurant in Toronto, Canada",hello@joinpearl.co,sent
2026-08-12,Capilano Suspension Bridge Park,info@capbridge.com,sent
2026-08-12,L'Abattoir Restaurant,info@labattoir.ca,sent
2026-08-12,"Visit Austin, TX",andy.roberts@milespartnership.com,sent
2026-08-12,"Austin, Texas Restaurant",eisen.julie@gmail.com,sent
2026-08-12,Sepia Chicago ~ Michelin-Starred Restaurant in West Loop,info@sepiachicago.com,sent
2026-08-12,Ever Restaurant,info@ever-restaurant.com,sent
2026-08-12,Boka Restaurant,events@bokachicago.com,sent
2026-08-12,Chicago Restaurant Reviews,support@theinfatuation.com,sent
2026-08-12,the Albert Chicago: Contemporary Restaurant in Chicago,marketing@hotelemc2.com,failed
2026-08-12,Places to Eat & Drink in Chicago,navypiereventcenter@navypier.org,failed
2026-08-12,THE GRILL,reservations@thegrillnewyork.com,failed
2026-08-12,53 NYC,jobs@53-nyc.com,failed
2026-08-12,"NYC Restaurant,Websites for Restaurants,Restaurant Social Media,Restaurant Websites,Order Online",updates@nycrestaurant.com,failed
2026-08-12,Mari Vanna NYC – Official Website,mv@marivannarestaurant.nyc,failed
2026-08-12,"MANI Restaurant in Sydney, Australia",contact@thebestrestaurantsguide.com,failed
2026-08-12,Cafe Sydney Restaurant,reservations@cafesydney.com,failed
2026-08-12,Best Waterfront Restaurant in Sydney – Aria,res.ariasydney@solotel.com.au,failed
2026-08-12,Browse the Best Restaurants & Bars,hoax@crownresorts.com.au,failed
2026-08-13,aKin Toronto,info@akintoronto.com,sent
2026-08-13,"Austin, TX",info@visitaustinfoundation.org,sent
2026-08-13,Chez Zee American Bistro,office@chezzee.com,sent
2026-08-13,Places to Eat & Drink in Chicago,navypierevents@navypier.org,sent
2026-08-13,Restaurant Daniel,danielinquiry@danielnyc.com,sent
2026-08-13,Yoshino · new york,info@yoshinonewyork.com,sent
2026-08-13,Waterfront Fine Dining Restaurant in Rose Bay Sydney Serving Exquisite Seafood & Cocktails,RESERVATIONS@CATALINAROSEBAY.COM.AU,sent
2026-08-13,"Cicciolina, Restaurant and Bar, St Kilda, Melbourne, Australia",enquiries@cicciolina.com.au,sent
2026-08-13,Best Thai Restaurant Melbourne – Where to Eat Today,contact@example.com,sent
2026-08-13,Melbourne,feedback@broadsheet.com.au,sent
2026-08-13,Tamoka Dubai & Caña Beach,reservations@tamokadubai.com,sent
2026-08-13,"Bâoli Restaurant, fine dining, pool & beach, Japanese flair with coastal...",reservations@baoli-uae.com,sent
2026-08-13,TakaHisa,reservations@takahisa.ae,sent
2026-08-13,Official Website of LAVO Italian Restaurant & Rooftop Bar,contact@taogroup.com,sent
2026-08-13,"Peking Chamber Singapore Menu: Prices, Best...",info@citysignalsg.com,sent
2026-08-13,Anytime Fitness,mediainquiries@sebrands.com,sent
2026-08-13,Toronto Athletic Club,clinic@sportmedicineclinic.com,sent
2026-08-13,"Altea Toronto :: Gym, Wellness Club and Fitness Centre",ottawa@alteaactive.com,sent
2026-08-13,Gym Vancouver,yaletown@kommunityfitness.com | kits@kommunityfitness.com,failed
2026-08-13,Vancouver Gyms,info@goldsgymbc.ca,sent
2026-08-13,PowerBox Fitness Vancouver Gym Listing Kit,kurtluzny@gmail.com,sent
2026-08-13,Gyms near Vancouver Convention Center,info@trainaway.fit,sent
2026-08-13,Castle Hill Fitness Gym & Spa,hello@castlehillfitness.com,sent
2026-08-13,Gym Elite,staff@gymelite.net,sent
2026-08-13,Big Tex Gym,bigtexgym@gmail.com,failed
2026-08-13,HIT Athletic,info@hitathletic.com,failed
2026-08-13,The Best Gyms In Austin,hello@impossiblehq.com,failed
2026-08-13,The 15 Best Gyms in Chicago,editorial@insidehook.com,failed
2026-08-13,IK Gymnastics,info@ikgym.com,failed
2026-08-13,Find Your Fit: 10 Boxing Gyms In Chicago,team@usatales.com,failed
2026-08-14,19 cool and fun restaurants in Toronto,mail@lepetitchef.com,sent
2026-08-14,A foodie’s guide to Vancouver,DC@wcs.ne.jp,sent
2026-08-14,Boulevard Kitchen & Oyster Bar,info@boulevardvancouver.ca,sent
2026-08-14,Dine Out Vancouver Festival,visitvancouver@destinationvancouver.com,sent
2026-08-14,Best Dining in Austin,listinginquiry@visitaustin.org,sent
2026-08-14,Juniper Austin — Contemporary Italian Fine Dining in East Austin,info@juniperaustin.com,sent
2026-08-14,Best Restaurants in Austin: My 2026 Local Dining Guide,dave@feastio.com,sent
2026-08-14,"Frontera Grill in Near North Side, Chicago, United States",team@tripomatic.com,sent
2026-08-14,New York,matt@americasbestrestaurants.com,sent
2026-08-14,53 NYC,info@53-nyc.com,failed
2026-08-14,Find the Best Restaurants in Melbourne,service.au@quandoo.com,failed
2026-08-14,ARU,hr@thw.com.au,failed
2026-08-14,"No.1 Seafood Restaurant in Dubai, UAE",info@lazeezuae.com,failed
2026-08-14,Amazónico Dubai,amazonico@curaconn.com,sent
2026-08-14,Restaurant Labyrinth,reservations@labyrinth.com.sg,sent
2026-08-14,Top 10 Best Gym in Toronto,Support@icymedia.ca,sent
2026-08-14,"Your New Gym in Toronto, ON",info@416fitnessclub.com,sent
2026-08-14,A Friendly and Health Focused Space in the Heart of Vancouver.,distinction@ywcabc.org,sent
2026-08-14,"Snap Fitness: 24/7 Gyms, Community Fitness & Classes Near You",inquiries@snapfitness.com,sent
2026-08-14,We are otter-ly sorry,media@flyfrontier.com,sent
2026-08-14,"FFC Union Station Gym, Join a Luxury Heath Club in Chicago",fitnessformulaclubs@ffc.com,sent
2026-08-14,chicagotribune.com,letters@chicagotribune.com,failed
2026-08-14,"New York Post – Breaking News, Top Headlines, Photos & Videos",edit@pagesix.com,sent
2026-08-14,Le Ray Gymnastics,enquiries@leraygymnastics.com.au,sent
2026-08-14,Enrolments,info@sydneygymnasticsfactory.com,sent
2026-08-14,UTS,locksnkeys@uts.edu.au,sent
2026-08-14,One of Australia’s top universities,engage.team@sydney.edu.au,sent
2026-08-14,Coronavirus update: New COVID-19 exposure alert for City Gym...,contact@9news.com.au,sent
2026-08-14,12 Best Bouldering Gym Melbourne 2026,contact@humbletrail.com.au,sent
2026-08-14,"Finding the Best Gym in Melbourne, Australia: Your Ultimate Guide...",media@localinsight.com.au,sent
2026-08-14,Best Gym In Dubai,info@fidelityfitnessclub.com,failed
2026-08-14,Marina Gate,support@fitnessfirst-me.com,failed
2026-08-14,"Dubai: Skip treadmill, walk in malls as Sheikh Hamdan...",editor@khaleejtimes.com,failed
2026-08-14,Nike UAE Official Online Store,privacy@gmg.com,failed
2026-08-14,Aspire Gymnastics Dubai,aspiregymnasticsdubai@gmail.com,failed
2026-08-14,Grace Gymnastics Classes,info@ggdxb.com,failed
2026-08-14,News,sgoffice@singaporegymnastics.org.sg,failed
2026-08-14,Asian Hair Salon,03hairsalon@gmail.com,failed
2026-08-14,Amani Hair Studio: The Best Hair Salon in Toronto,info@amanihairstudio.com,failed
2026-08-14,Japanese Hair Salon in Toronto,info@canadastyles.com,failed
2026-08-15,DaNico Toronto,info@danicotoronto.com,sent
2026-08-15,"Visit Austin, TX",tourdesk@austintexas.org,sent
2026-08-15,frommers.com/destinations/chicago,zthompson@frommermedia.com,sent
2026-08-15,chicagotribune.com,dchiappe@chicagotribune.com,sent
2026-08-15,Loring Place,hello@loringplacenyc.com,sent
2026-08-15,New York,matt@mattplapp.com,sent
2026-08-15,Luci,luci.melbourne@hilton.com,sent
2026-08-15,"The best Restaurants, Bars and Hotels",rachael.hogg@wrbm.com,sent
2026-08-15,"No.1 Seafood Restaurant in Dubai, UAE",info@uppummulakumuae.com,sent
2026-08-15,Food show restaurant in Dubai,info@forthekrasota.wrf.su,sent
2026-08-15,Domo: New Japanese-fusion dining concept at Fairmont Singapore,partnerships@hungrygowhere.com,sent
2026-08-15,The Best Restaurants In Singapore That Need To Be On Your ...MICHELIN Guide Restaurants & Hotels – the official websiteJUMBO Group – Famous seafood restaurant group in Singapore,editornz@theurbanlist.com,sent
2026-08-15,Bouldering Vancouver,hello@progressionbouldering.com,sent
2026-08-15,Gyms near Waterfront in Vancouver,dt@datatilsynet.dk,sent
2026-08-15,The 15 Best Gyms in Chicago,adsales@insidehook.com,sent
2026-08-15,THE GARAGE CHICAGO GYM,info@thegaragechi.com,sent
2026-08-15,Cheetah Gym,info@cheetahgym.com,sent
2026-08-15,Chicago Athletic Clubs,info@vitalitystudios.com,sent
2026-08-15,10 of the Best Gyms to Join in Chicago in 2025,contact@gymsinformer.com,sent
2026-08-15,"New York Post – Breaking News, Top Headlines, Photos & Videos",androidhelp@nypost.com,sent
2026-08-15,UTS,alumni@uts.edu.au,sent
2026-08-15,TCS Sydney Marathon,partnerships@pont3.com,sent
2026-08-15,One of Australia’s top universities,pvc.ge@sydney.edu.au,sent
2026-08-15,Home,admin@k1n1australia.com.au,sent
2026-08-15,SUPER GYM,info@supergymdubai.ae,failed
2026-08-15,"Dubai: Skip treadmill, walk in malls as Sheikh Hamdan...",cs@khaleejtimes.com,failed
2026-08-15,Best Gyms In Singapore: From Someone Who...,jatinn@cybermedia.co.in,sent
2026-08-15,Best Gym In Singapore For The Ultimate Training Session You Will...,hello@malpetreemedia.com,sent
2026-08-15,Salon Spa Vancouver Yaletown. At Bella Garnet Beauty...,pressinquiries@medium.com,sent
2026-08-15,Accueil,ashleykerr90@hotmail.com,sent
2026-08-15,Method Hair,methodhair@gmail.com,sent
2026-08-15,H O M E,Shagappointments@gmail.com,sent
2026-08-15,Red Stella Salon,redstella@redstellaaustin.com,sent
2026-08-15,Beautifying Austinites since 1990,info@bellasalonaustin.com,sent
2026-08-15,Salon Austin Organic Hair Color,style@salonaustin.com,failed
2026-08-15,Ruiz Salon Austin: Luxury Hair & Aveda Services,cindy@ruizsalon.com,failed
2026-08-15,Home,ondasalonatx@gmail.com,failed
2026-08-15,Art+Science – Hair is our passion,westloop@artandsciencesalon.com,failed
2026-08-15,Chicago Avenue Salon,info@chicagoavenuesalon.com,failed
2026-08-15,a.salon chicago,INFO@ASALONCHICAGO.COM,failed
2026-08-15,DYNAMIC SALON SPA STUDIOS,dynamicsalonspa@gmail.com,failed
2026-08-15,Hair Bar NYC: Luxury Hair Treatments & Salon Services,xtemos.studio@gmail.com,failed
2026-08-15,New York Hair Salon,support@sassoon-online.com,failed
2026-08-15,Salon VMS,salonvms217@gmail.com,failed
2026-08-15,Cedric Salon,contact@cedricsalon.com,failed
2026-08-15,"Luxury Hair Services New York, NY",info@royalhair.salon,failed
2026-08-15,トップーページ,tgardensny@gmail.com,failed
2026-08-15,NAGIHAIR NEW YORK Best Japanese Hair salon Soho Chelsea NYC,nagihairny@gmail.com,failed
2026-08-15,Louka & Co,enquiries@loukahair.com.au,sent
2026-08-15,Fuchs Hair,mail@fuchshair.com.au,sent
2026-08-16,"Nu Restaurant (Vancouver, False Creek)",geoff@gpeters.com,sent
2026-08-16,"Best American Restaurant in Austin, TX",Hello@Ranch616.com,sent
2026-08-16,Susu,contact@susuchicago.com,sent
2026-08-16,Alinea,press@thealineagroup.com,sent
2026-08-16,seriouseats.com/dining-out-5118039,press@seriouseats.com,sent
2026-08-16,Yoshino · new york,media@yoshinonewyork.com,sent
2026-08-16,The Smith Restaurant,INFO@THESMITHRESTAURANT.COM,sent
2026-08-16,The Best Restaurants In Sydney To Book In 2026,editorbne@theurbanlist.com,sent
2026-08-16,Food show restaurant in Dubai,dubai@krasota.art,sent
2026-08-16,CHICAGO FITNESS CENTER,chicagofitnesscenterofficial@gmail.com,sent
2026-08-16,sfn.org,program@sfn.org,sent
2026-08-16,"New York Post – Breaking News, Top Headlines, Photos & Videos",studios@nypost.com,sent
2026-08-16,We snuck into Sydney's bougiest gym and here's what we found,info@sosydney.au,sent
2026-08-16,UTS,enterprise.learning@uts.edu.au,sent
2026-08-16,Sydney Gym,hello@bondibeauty.com.au,sent
2026-08-16,XFit Gym UAE – The best Gyms & Swimming Academy in UAE,info@xfitgym.ae,sent
2026-08-16,Japanese Hair Salon in Toronto,yamaco@canadastyles.com,sent
2026-08-16,Best Salons for Curly Hair in Toronto,support@torontoforyou.com,sent
2026-08-16,Book Online,guestservices@civello.com,sent
2026-08-16,Hair Salon Toronto,Info@evolvesalon.ca,sent
2026-08-16,"Hair Stylist, Hair Appointments, Hair Salon Toronto, Canada ...",admin@hairhub.ca,sent
2026-08-16,Haven Salon,info@havensalon.ca,sent
2026-08-16,Best Hair Salon in Toronto: JC Salons Award Winning Stylists,anitacupello@rogers.com,sent
2026-08-16,Professional Hair Salon in Vancouver,info@welcometobeau.com,failed
2026-08-16,Home,info@axishairsalons.com,failed
2026-08-16,Accueil,caryn.chartier@gmail.com,failed
2026-08-16,Ruiz Salon Austin: Luxury Hair & Aveda Services,pam@ruizsalon.com,failed
2026-08-16,Top Women Highlights in Austin,us.sulekha@sulekha.com,failed
2026-08-16,Salon.com,advertising@salon.com,failed
2026-08-16,Art+Science – Hair is our passion,artsciencelogan@gmail.com,failed
2026-08-16,Best Hair Salon in Midtown Manhattan NYC,info@salonsck.com,failed
2026-08-16,Award-Winning Salon in Sydney,hello@salonher.com,sent
2026-08-16,Sydney Central Hair Salon,academy@toniandguy.com.au,sent
2026-08-16,D2M Beauty Hair Salon Melbourne,d2mhair@gmail.com,sent
2026-08-16,Two Birds,info@twobirdshairandbeautysalon.com,sent
2026-08-16,Find Best Hair Salon Melbourne with Beautician Online,greg@thewellnesstips.com,sent
2026-08-16,"Luxury Shops, Stores & Outlets in Dubai Mall",xxxxx@xxx.com,sent
2026-08-16,The Salon Dubai,info@thesalondubai.com,sent
2026-08-16,The Beauty Station,info@thebeautystation.com,sent
2026-08-16,Experience a Stunning Hair Transformation at TOKI+LIM Salon in...,contact@lemon8-app.com,sent
2026-08-16,Why Early Booking at a Hair Salon in Singapore Is Essential This...,enquiry@kimage.com.sg,sent
2026-08-16,123 Dental Clinic Toronto,info@123-Dental.com,sent
2026-08-16,Dentist in Toronto,dentalny@healthone.ca,sent
2026-08-16,Toronto Dentists Directory! list dentists In Toronto Ontario ...,info@dentistdirectorycanada.ca,sent
2026-08-16,Alora Dental,smile@aloradental.ca,failed
2026-08-16,"20 Top-Rated Dentists Near Me in Toronto, ON",support@opencare.com,failed
2026-08-16,Cambie Dentist,info@cambiedentist.com,failed
2026-08-16,Dentist Vancouver,info@nestdental.ca,sent
2026-08-16,Advocate Dental,info@advocatedental.ca,sent
2026-08-16,Downtown Vancouver Dentist,info@stadium-dental.com,sent
2026-08-16,Chicago Dentist,LincolnPark@thechicagodentalstudio.com,sent
2026-08-16,"Trusted Dentist in Chicago, IL",info@dental360usa.com,sent
2026-08-16,"Dentist in Chicago, IL",office@edgewaterdentistchicago.com,sent
2026-08-16,"Dentist in Chicago, IL",info@bigsmiledental.com,sent
2026-08-16,Home,levittown@zendentistrynyc.com,sent
2026-08-16,Greater New York Dental Meeting,info@gnydm.com,failed
2026-08-16,Finding a Dental Provider,vr@health.ny.gov,failed
2026-08-16,Dentist Sydney CBD,info@pittstdentalcentre.com.au,failed
2026-08-16,Dentist Sydney CBD,info@northrydedentistry.com.au,failed
2026-08-16,Cosmetic Dental Clinic Sydney,northsydney@smilebydesign.com.au,failed
